model_name,f1_macro
SVC,0.39420807599369895
LinearSVC,0.38320093977247727
GaussianNB,0.3422514817837582
GradientBoostingClassifier,0.3822835413013718
SGDClassifier,0.3622006098147993
KNeighborsClassifier,0.34960677275654783
